,Year,State,Category,Sample_Size,Rate_%
0,2011,Alabama,Overweight,2529,34.7
1,2011,Alabama,Obese,2416,32.0
2,2012,Alabama,Overweight,3015,34.8
3,2012,Alabama,Obese,2967,33.0
4,2013,Alabama,Obese,2138,32.4
5,2013,Alabama,Overweight,2175,35.7
6,2014,Alabama,Obese,2814,33.5
7,2014,Alabama,Overweight,2814,33.4
8,2015,Alabama,Overweight,2523,33.03
9,2015,Alabama,Obese,2639,35.63
10,2016,Alabama,Overweight,2259,33.85
11,2016,Alabama,Obese,2352,35.7
12,2017,Alabama,Overweight,2152,33.87
13,2017,Alabama,Obese,2260,36.33
14,2018,Alabama,Overweight,2169,33.44
15,2018,Alabama,Obese,2238,36.24
16,2019,Alabama,Obese,2338,36.12
17,2019,Alabama,Overweight,2295,34.18
18,2020,Alabama,Obese,1918,39.01
19,2020,Alabama,Overweight,1695,33.73
20,2021,Alabama,Overweight,1412,31.94
21,2021,Alabama,Obese,1652,39.86
22,2011,Alaska,Overweight,1281,38.9
23,2011,Alaska,Obese,950,27.4
24,2012,Alaska,Obese,1181,25.7
25,2012,Alaska,Overweight,1560,39.1
26,2013,Alaska,Obese,1282,28.4
27,2013,Alaska,Overweight,1662,37.7
28,2014,Alaska,Overweight,1487,35.1
29,2014,Alaska,Obese,1239,29.7
30,2015,Alaska,Obese,1063,29.83
31,2015,Alaska,Overweight,1273,37.39
32,2016,Alaska,Obese,872,31.39
33,2016,Alaska,Overweight,1006,35.26
34,2017,Alaska,Overweight,1063,32.55
35,2017,Alaska,Obese,1027,34.18
36,2018,Alaska,Obese,778,29.53
37,2018,Alaska,Overweight,940,34.68
38,2019,Alaska,Obese,839,30.5
39,2019,Alaska,Overweight,987,36.08
40,2020,Alaska,Overweight,1192,34.97
41,2020,Alaska,Obese,1073,31.87
42,2021,Alaska,Obese,1679,33.47
43,2021,Alaska,Overweight,1745,34.14
44,2011,Arizona,Obese,1546,25.1
45,2011,Arizona,Overweight,2256,37.2
46,2012,Arizona,Obese,1814,26.0
47,2012,Arizona,Overweight,2489,36.0
48,2013,Arizona,Obese,1067,26.8
49,2013,Arizona,Overweight,1433,35.1
50,2014,Arizona,Obese,3777,28.9
51,2014,Arizona,Overweight,5069,35.1
52,2015,Arizona,Obese,1907,28.42
53,2015,Arizona,Overweight,2617,36.9
54,2016,Arizona,Obese,2731,29.01
55,2016,Arizona,Overweight,3626,34.24
56,2017,Arizona,Overweight,5188,35.3
57,2017,Arizona,Obese,4031,29.46
58,2018,Arizona,Overweight,2654,35.22
59,2018,Arizona,Obese,2211,29.49
60,2019,Arizona,Overweight,2940,34.36
61,2019,Arizona,Obese,2451,31.4
62,2020,Arizona,Overweight,3270,35.17
63,2020,Arizona,Obese,2735,30.89
64,2021,Arizona,Overweight,3479,36.6
65,2021,Arizona,Obese,3008,31.31
66,2011,Arkansas,Overweight,1618,34.0
67,2011,Arkansas,Obese,1385,30.9
68,2012,Arkansas,Obese,1615,34.5
69,2012,Arkansas,Overweight,1740,34.2
70,2013,Arkansas,Obese,1656,34.6
71,2013,Arkansas,Overweight,1802,35.3
72,2014,Arkansas,Obese,1672,35.9
73,2014,Arkansas,Overweight,1723,34.7
74,2015,Arkansas,Obese,1606,34.49
75,2015,Arkansas,Overweight,1680,35.0
76,2016,Arkansas,Overweight,1617,32.54
77,2016,Arkansas,Obese,1678,35.68
78,2017,Arkansas,Obese,1627,35.04
79,2017,Arkansas,Overweight,1739,35.42
80,2018,Arkansas,Overweight,1709,33.34
81,2018,Arkansas,Obese,1733,37.12
82,2019,Arkansas,Obese,1728,37.41
83,2019,Arkansas,Overweight,1693,33.2
84,2020,Arkansas,Obese,1648,36.43
85,2020,Arkansas,Overweight,1556,30.86
86,2021,Arkansas,Overweight,1613,31.73
87,2021,Arkansas,Obese,1700,38.65
88,2011,California,Overweight,6232,36.4
89,2011,California,Obese,3971,23.8
90,2012,California,Overweight,4858,35.3
91,2012,California,Obese,3278,25.0
92,2013,California,Overweight,3802,36.0
93,2013,California,Obese,2563,24.1
94,2014,California,Obese,1967,24.7
95,2014,California,Overweight,2847,35.0
96,2015,California,Obese,2798,24.18
97,2015,California,Overweight,4163,36.17
98,2016,California,Obese,2548,25.0
99,2016,California,Overweight,3763,36.02
100,2017,California,Overweight,3063,35.82
101,2017,California,Obese,2118,25.12
102,2018,California,Obese,2914,25.83
103,2018,California,Overweight,3950,36.35
104,2019,California,Overweight,3919,36.7
105,2019,California,Obese,2844,26.15
106,2020,California,Obese,1203,30.25
107,2020,California,Overweight,1526,33.76
108,2021,California,Obese,1714,27.58
109,2021,California,Overweight,2237,36.35
110,2011,Colorado,Overweight,4689,35.4
111,2011,Colorado,Obese,2732,20.7
112,2012,Colorado,Overweight,4172,35.2
113,2012,Colorado,Obese,2424,20.5
114,2013,Colorado,Overweight,4675,35.1
115,2013,Colorado,Obese,2704,21.3
116,2014,Colorado,Obese,2702,21.3
117,2014,Colorado,Overweight,4598,36.1
118,2015,Colorado,Obese,2682,20.2
119,2015,Colorado,Overweight,4452,36.41
120,2016,Colorado,Overweight,5066,35.82
121,2016,Colorado,Obese,3053,22.27
122,2017,Colorado,Obese,2070,22.64
123,2017,Colorado,Overweight,3348,36.09
124,2018,Colorado,Overweight,3030,35.93
125,2018,Colorado,Obese,1887,22.95
126,2019,Colorado,Obese,2077,23.78
127,2019,Colorado,Overweight,3150,35.31
128,2020,Colorado,Overweight,3323,35.03
129,2020,Colorado,Obese,2222,24.16
130,2021,Colorado,Obese,2345,25.11
131,2021,Colorado,Overweight,3402,35.49
132,2011,Connecticut,Obese,1599,24.5
133,2011,Connecticut,Overweight,2261,35.2
134,2012,Connecticut,Overweight,3095,36.7
135,2012,Connecticut,Obese,2117,25.6
136,2013,Connecticut,Obese,1891,25.0
137,2013,Connecticut,Overweight,2726,37.6
138,2014,Connecticut,Overweight,2570,34.1
139,2014,Connecticut,Obese,1934,26.3
140,2015,Connecticut,Obese,2840,25.26
141,2015,Connecticut,Overweight,3998,36.38
142,2016,Connecticut,Obese,2578,25.98
143,2016,Connecticut,Overweight,3735,35.86
144,2017,Connecticut,Obese,2555,26.87
145,2017,Connecticut,Overweight,3582,36.37
146,2018,Connecticut,Obese,2663,27.42
147,2018,Connecticut,Overweight,3647,36.99
148,2019,Connecticut,Overweight,3132,36.58
149,2019,Connecticut,Obese,2312,29.11
150,2020,Connecticut,Obese,2344,29.19
151,2020,Connecticut,Overweight,2921,35.2
152,2021,Connecticut,Obese,2107,30.38
153,2021,Connecticut,Overweight,2610,35.31
154,2011,Delaware,Overweight,1606,35.0
155,2011,Delaware,Obese,1354,28.8
156,2012,Delaware,Overweight,1889,39.1
157,2012,Delaware,Obese,1357,26.9
158,2013,Delaware,Obese,1540,31.1
159,2013,Delaware,Overweight,1685,33.5
160,2014,Delaware,Obese,1268,30.7
161,2014,Delaware,Overweight,1493,36.8
162,2015,Delaware,Obese,1146,29.67
163,2015,Delaware,Overweight,1391,37.18
164,2016,Delaware,Overweight,1407,37.29
165,2016,Delaware,Obese,1180,30.7
166,2017,Delaware,Overweight,1329,36.67
167,2017,Delaware,Obese,1224,31.8
168,2018,Delaware,Obese,1624,33.51
169,2018,Delaware,Overweight,1607,34.27
170,2019,Delaware,Overweight,1204,34.54
171,2019,Delaware,Obese,1200,34.35
172,2020,Delaware,Obese,1263,36.53
173,2020,Delaware,Overweight,1217,32.14
174,2021,Delaware,Obese,1164,33.89
175,2021,Delaware,Overweight,1159,34.88
176,2011,District of Columbia,Obese,1037,23.8
177,2011,District of Columbia,Overweight,1363,29.1
178,2012,District of Columbia,Obese,848,21.9
179,2012,District of Columbia,Overweight,1222,30.0
180,2013,District of Columbia,Overweight,1546,30.9
181,2013,District of Columbia,Obese,1103,22.9
182,2014,District of Columbia,Obese,907,21.7
183,2014,District of Columbia,Overweight,1297,33.2
184,2015,District of Columbia,Obese,910,22.14
185,2015,District of Columbia,Overweight,1227,32.22
186,2016,District of Columbia,Obese,947,22.58
187,2016,District of Columbia,Overweight,1160,30.84
188,2017,District of Columbia,Obese,985,22.88
189,2017,District of Columbia,Overweight,1140,31.16
190,2018,District of Columbia,Overweight,1399,31.13
191,2018,District of Columbia,Obese,1022,24.69
192,2019,District of Columbia,Overweight,804,32.11
193,2019,District of Columbia,Obese,646,23.77
194,2020,District of Columbia,Overweight,1115,32.98
195,2020,District of Columbia,Obese,734,24.28
196,2021,District of Columbia,Overweight,923,30.7
197,2021,District of Columbia,Obese,665,24.67
198,2011,Florida,Obese,3233,26.6
199,2011,Florida,Overweight,4286,36.7
200,2012,Florida,Obese,1912,25.2
201,2012,Florida,Overweight,2640,36.9
202,2013,Florida,Obese,9420,26.4
203,2013,Florida,Overweight,11597,36.4
204,2014,Florida,Overweight,3350,36.0
205,2014,Florida,Obese,2303,26.2
206,2015,Florida,Overweight,3307,37.26
207,2015,Florida,Obese,2323,26.8
208,2016,Florida,Obese,10034,27.44
209,2016,Florida,Overweight,11820,35.78
210,2017,Florida,Obese,6150,28.43
211,2017,Florida,Overweight,6976,35.63
212,2018,Florida,Obese,4336,30.67
213,2018,Florida,Overweight,4954,35.25
214,2019,Florida,Obese,4650,27.04
215,2019,Florida,Overweight,5424,37.56
216,2020,Florida,Overweight,3737,35.71
217,2020,Florida,Obese,3266,28.41
218,2021,Florida,Overweight,5809,36.319
219,2021,Florida,Obese,4763,28.0
220,2011,Georgia,Obese,2731,28.0
221,2011,Georgia,Overweight,3322,34.7
222,2012,Georgia,Obese,1696,29.1
223,2012,Georgia,Overweight,2087,35.5
224,2013,Georgia,Overweight,2704,35.4
225,2013,Georgia,Obese,2373,30.3
226,2014,Georgia,Obese,1833,30.5
227,2014,Georgia,Overweight,2076,35.2
228,2015,Georgia,Obese,1345,30.68
229,2015,Georgia,Overweight,1490,34.79
230,2016,Georgia,Overweight,1721,34.36
231,2016,Georgia,Obese,1553,31.42
232,2017,Georgia,Obese,1724,31.63
233,2017,Georgia,Overweight,1860,33.65
234,2018,Georgia,Obese,2610,32.46
235,2018,Georgia,Overweight,2985,34.76
236,2019,Georgia,Overweight,2225,33.87
237,2019,Georgia,Obese,2175,33.09
238,2020,Georgia,Overweight,2811,33.01
239,2020,Georgia,Obese,2822,34.25
240,2021,Georgia,Overweight,2508,34.1
241,2021,Georgia,Obese,2443,33.92
242,2011,Hawaii,Obese,1538,21.9
243,2011,Hawaii,Overweight,2498,33.8
244,2012,Hawaii,Overweight,2453,32.5
245,2012,Hawaii,Obese,1606,23.6
246,2013,Hawaii,Obese,1617,21.8
247,2013,Hawaii,Overweight,2558,33.6
248,2014,Hawaii,Overweight,2467,36.0
249,2014,Hawaii,Obese,1483,22.1
250,2015,Hawaii,Obese,1502,22.69
251,2015,Hawaii,Overweight,2367,34.28
252,2016,Hawaii,Overweight,2621,33.79
253,2016,Hawaii,Obese,1767,23.83
254,2017,Hawaii,Overweight,2514,35.03
255,2017,Hawaii,Obese,1739,23.78
256,2018,Hawaii,Obese,1851,24.92
257,2018,Hawaii,Overweight,2585,34.57
258,2019,Hawaii,Obese,1823,25.0
259,2019,Hawaii,Overweight,2411,33.2
260,2020,Hawaii,Obese,1744,24.51
261,2020,Hawaii,Overweight,2483,33.62
262,2021,Hawaii,Obese,1778,24.99
263,2021,Hawaii,Overweight,2534,35.27
264,2011,Idaho,Obese,1570,27.1
265,2011,Idaho,Overweight,2149,35.2
266,2012,Idaho,Overweight,2051,35.8
267,2012,Idaho,Obese,1541,26.8
268,2013,Idaho,Obese,1552,29.6
269,2013,Idaho,Overweight,1903,35.4
270,2014,Idaho,Obese,1415,28.9
271,2014,Idaho,Overweight,1952,36.8
272,2015,Idaho,Obese,1591,28.59
273,2015,Idaho,Overweight,1949,36.59
274,2016,Idaho,Overweight,1806,37.11
275,2016,Idaho,Obese,1397,27.38
276,2017,Idaho,Overweight,1729,36.55
277,2017,Idaho,Obese,1360,29.33
278,2018,Idaho,Obese,1000,28.36
279,2018,Idaho,Overweight,1274,35.69
280,2019,Idaho,Overweight,1715,34.82
281,2019,Idaho,Obese,1514,29.45
282,2020,Idaho,Overweight,1918,35.17
283,2020,Idaho,Obese,1723,31.11
284,2021,Idaho,Overweight,2214,35.9
285,2021,Idaho,Obese,1995,31.56
286,2011,Illinois,Obese,1518,27.1
287,2011,Illinois,Overweight,2019,36.9
288,2012,Illinois,Overweight,1968,35.8
289,2012,Illinois,Obese,1562,28.1
290,2013,Illinois,Overweight,1933,35.3
291,2013,Illinois,Obese,1619,29.4
292,2014,Illinois,Obese,1394,29.3
293,2014,Illinois,Overweight,1723,34.5
294,2015,Illinois,Overweight,1848,35.44
295,2015,Illinois,Obese,1547,30.79
296,2016,Illinois,Overweight,1552,33.42
297,2016,Illinois,Obese,1401,31.62
298,2017,Illinois,Obese,1633,31.12
299,2017,Illinois,Overweight,1897,34.72
300,2018,Illinois,Obese,1550,31.75
301,2018,Illinois,Overweight,1802,34.87
302,2019,Illinois,Overweight,1810,34.09
303,2019,Illinois,Obese,1634,31.61
304,2020,Illinois,Obese,1025,32.41
305,2020,Illinois,Overweight,1175,35.58
306,2021,Illinois,Obese,911,34.15
307,2021,Illinois,Overweight,991,34.52
308,2011,Indiana,Overweight,2865,34.8
309,2011,Indiana,Obese,2585,30.8
310,2012,Indiana,Obese,2598,31.4
311,2012,Indiana,Overweight,2890,34.1
312,2013,Indiana,Obese,3157,31.8
313,2013,Indiana,Overweight,3497,35.4
314,2014,Indiana,Obese,3464,32.7
315,2014,Indiana,Overweight,3748,33.7
316,2015,Indiana,Overweight,2009,35.24
317,2015,Indiana,Obese,1810,31.27
318,2016,Indiana,Obese,3414,32.46
319,2016,Indiana,Overweight,3697,34.72
320,2017,Indiana,Overweight,4639,34.39
321,2017,Indiana,Obese,4434,33.58
322,2018,Indiana,Overweight,2304,32.33
323,2018,Indiana,Obese,2362,34.07
324,2019,Indiana,Overweight,2838,33.81
325,2019,Indiana,Obese,2786,35.3
326,2020,Indiana,Overweight,2525,32.36
327,2020,Indiana,Obese,2772,36.76
328,2021,Indiana,Overweight,2949,33.33
329,2021,Indiana,Obese,3181,36.29
330,2011,Iowa,Overweight,2512,35.8
331,2011,Iowa,Obese,2013,29.0
332,2012,Iowa,Overweight,2428,34.3
333,2012,Iowa,Obese,2097,30.4
334,2013,Iowa,Overweight,2754,35.7
335,2013,Iowa,Obese,2434,31.3
336,2014,Iowa,Obese,2407,30.9
337,2014,Iowa,Overweight,2764,36.0
338,2015,Iowa,Obese,1817,32.13
339,2015,Iowa,Overweight,2041,34.53
340,2016,Iowa,Overweight,2479,36.71
341,2016,Iowa,Obese,2165,31.97
342,2017,Iowa,Obese,2603,36.38
343,2017,Iowa,Overweight,2511,33.73
344,2018,Iowa,Obese,2987,35.32
345,2018,Iowa,Overweight,2975,34.14
346,2019,Iowa,Overweight,3128,34.36
347,2019,Iowa,Obese,3146,33.93
348,2020,Iowa,Obese,3152,36.49
349,2020,Iowa,Overweight,3175,35.31
350,2021,Iowa,Overweight,3102,34.31
351,2021,Iowa,Obese,3146,36.39
352,2011,Kansas,Obese,5907,29.6
353,2011,Kansas,Overweight,6962,34.8
354,2012,Kansas,Obese,3342,29.9
355,2012,Kansas,Overweight,4005,35.7
356,2013,Kansas,Overweight,7877,35.3
357,2013,Kansas,Obese,6656,30.0
358,2014,Kansas,Obese,4110,31.3
359,2014,Kansas,Overweight,4593,34.7
360,2015,Kansas,Overweight,7278,33.83
361,2015,Kansas,Obese,7154,34.2
362,2016,Kansas,Obese,3499,31.16
363,2016,Kansas,Overweight,3938,35.57
364,2017,Kansas,Overweight,7155,34.85
365,2017,Kansas,Obese,6551,32.35
366,2018,Kansas,Overweight,3484,34.26
367,2018,Kansas,Obese,3452,34.39
368,2019,Kansas,Obese,3619,35.2
369,2019,Kansas,Overweight,3630,34.72
370,2020,Kansas,Obese,3321,35.27
371,2020,Kansas,Overweight,3342,34.47
372,2021,Kansas,Obese,5834,36.03
373,2021,Kansas,Overweight,5619,34.42
374,2011,Kentucky,Overweight,3595,36.1
375,2011,Kentucky,Obese,3280,30.4
376,2012,Kentucky,Overweight,3756,35.6
377,2012,Kentucky,Obese,3517,31.3
378,2013,Kentucky,Overweight,3576,34.1
379,2013,Kentucky,Obese,3565,33.2
380,2014,Kentucky,Obese,3553,31.6
381,2014,Kentucky,Overweight,3736,35.1
382,2015,Kentucky,Overweight,2786,32.58
383,2015,Kentucky,Obese,2890,34.58
384,2016,Kentucky,Obese,3360,34.16
385,2016,Kentucky,Overweight,3382,34.92
386,2017,Kentucky,Obese,2923,34.27
387,2017,Kentucky,Overweight,2782,33.51
388,2018,Kentucky,Obese,3077,36.62
389,2018,Kentucky,Overweight,2695,31.86
390,2019,Kentucky,Overweight,2706,35.36
391,2019,Kentucky,Obese,2813,36.45
392,2020,Kentucky,Obese,1361,36.57
393,2020,Kentucky,Overweight,1226,33.48
394,2021,Kentucky,Obese,1960,40.33
395,2021,Kentucky,Overweight,1685,31.94
396,2011,Louisiana,Overweight,3629,34.1
397,2011,Louisiana,Obese,3574,33.4
398,2012,Louisiana,Obese,3057,34.7
399,2012,Louisiana,Overweight,3057,34.8
400,2013,Louisiana,Obese,1692,33.1
401,2013,Louisiana,Overweight,1771,34.3
402,2014,Louisiana,Obese,2219,34.9
403,2014,Louisiana,Overweight,2198,34.1
404,2015,Louisiana,Obese,1576,36.2
405,2015,Louisiana,Overweight,1479,33.04
406,2016,Louisiana,Overweight,1661,33.7
407,2016,Louisiana,Obese,1790,35.53
408,2017,Louisiana,Overweight,1532,33.76
409,2017,Louisiana,Obese,1622,36.22
410,2018,Louisiana,Overweight,1600,32.66
411,2018,Louisiana,Obese,1758,36.76
412,2019,Louisiana,Obese,1590,35.91
413,2019,Louisiana,Overweight,1488,34.98
414,2020,Louisiana,Overweight,1521,32.42
415,2020,Louisiana,Obese,1568,38.13
416,2021,Louisiana,Overweight,1572,32.36
417,2021,Louisiana,Obese,1703,38.64
418,2011,Maine,Obese,3446,27.8
419,2011,Maine,Overweight,4728,37.2
420,2012,Maine,Overweight,3519,35.8
421,2012,Maine,Obese,2621,28.4
422,2013,Maine,Overweight,2864,36.0
423,2013,Maine,Obese,2212,28.9
424,2014,Maine,Obese,2441,28.2
425,2014,Maine,Overweight,3217,36.3
426,2015,Maine,Obese,2577,30.01
427,2015,Maine,Overweight,3144,36.54
428,2016,Maine,Overweight,3416,35.27
429,2016,Maine,Obese,2861,29.92
430,2017,Maine,Obese,2745,29.13
431,2017,Maine,Overweight,3387,35.93
432,2018,Maine,Overweight,3754,35.33
433,2018,Maine,Obese,3063,30.35
434,2019,Maine,Obese,3235,31.68
435,2019,Maine,Overweight,3717,33.78
436,2020,Maine,Obese,2921,31.01
437,2020,Maine,Overweight,3495,34.63
438,2021,Maine,Obese,3402,31.87
439,2021,Maine,Overweight,3783,33.99
440,2011,Maryland,Obese,2646,28.3
441,2011,Maryland,Overweight,3527,36.1
442,2012,Maryland,Obese,3486,27.6
443,2012,Maryland,Overweight,4398,36.2
444,2013,Maryland,Obese,3613,28.3
445,2013,Maryland,Overweight,4456,35.9
446,2014,Maryland,Obese,3578,29.6
447,2014,Maryland,Overweight,4260,35.3
448,2015,Maryland,Overweight,4232,36.09
449,2015,Maryland,Obese,3447,28.89
450,2016,Maryland,Obese,5342,29.92
451,2016,Maryland,Overweight,6032,34.67
452,2017,Maryland,Obese,3964,31.3
453,2017,Maryland,Overweight,4452,34.9
454,2018,Maryland,Obese,5122,30.94
455,2018,Maryland,Overweight,5930,35.56
456,2019,Maryland,Overweight,5688,34.4
457,2019,Maryland,Obese,5207,32.25
458,2020,Maryland,Overweight,4625,35.53
459,2020,Maryland,Obese,4006,30.98
460,2021,Maryland,Overweight,4802,33.86
461,2021,Maryland,Obese,4669,34.34
462,2011,Massachusetts,Overweight,7567,36.6
463,2011,Massachusetts,Obese,5041,22.7
464,2012,Massachusetts,Overweight,7181,35.9
465,2012,Massachusetts,Obese,4993,22.9
466,2013,Massachusetts,Overweight,5008,34.4
467,2013,Massachusetts,Obese,3476,23.6
468,2014,Massachusetts,Obese,3696,23.3
469,2014,Massachusetts,Overweight,5218,35.6
470,2015,Massachusetts,Obese,2090,24.26
471,2015,Massachusetts,Overweight,2986,35.42
472,2016,Massachusetts,Obese,1865,23.58
473,2016,Massachusetts,Overweight,2796,36.66
474,2017,Massachusetts,Overweight,2298,35.56
475,2017,Massachusetts,Obese,1591,25.85
476,2018,Massachusetts,Obese,1546,25.69
477,2018,Massachusetts,Overweight,2250,35.96
478,2019,Massachusetts,Obese,1718,25.15
479,2019,Massachusetts,Overweight,2468,34.51
480,2020,Massachusetts,Obese,1482,24.43
481,2020,Massachusetts,Overweight,2266,36.09
482,2021,Massachusetts,Overweight,2336,33.88
483,2021,Massachusetts,Obese,1820,27.37
484,2011,Michigan,Obese,3327,31.3
485,2011,Michigan,Overweight,3774,34.2
486,2012,Michigan,Obese,3193,31.1
487,2012,Michigan,Overweight,3592,34.6
488,2013,Michigan,Overweight,4370,34.7
489,2013,Michigan,Obese,3866,31.5
490,2014,Michigan,Obese,2533,30.7
491,2014,Michigan,Overweight,2887,34.9
492,2015,Michigan,Overweight,2961,35.07
493,2015,Michigan,Obese,2599,31.16
494,2016,Michigan,Overweight,3953,35.03
495,2016,Michigan,Obese,3660,32.47
496,2017,Michigan,Overweight,3649,34.91
497,2017,Michigan,Obese,3275,32.27
498,2018,Michigan,Overweight,3425,34.52
499,2018,Michigan,Obese,3128,32.98
500,2019,Michigan,Overweight,3491,34.35
501,2019,Michigan,Obese,3481,35.97
502,2020,Michigan,Overweight,2351,34.6
503,2020,Michigan,Obese,2345,35.21
504,2021,Michigan,Overweight,2925,34.18
505,2021,Michigan,Obese,2848,34.36
506,2011,Minnesota,Overweight,5388,36.8
507,2011,Minnesota,Obese,3720,25.7
508,2012,Minnesota,Obese,2966,25.7
509,2012,Minnesota,Overweight,4230,37.3
510,2013,Minnesota,Obese,3598,25.5
511,2013,Minnesota,Overweight,4961,35.6
512,2014,Minnesota,Obese,4382,27.6
513,2014,Minnesota,Overweight,5689,36.5
514,2015,Minnesota,Obese,4230,26.13
515,2015,Minnesota,Overweight,5727,36.71
516,2016,Minnesota,Obese,4461,27.78
517,2016,Minnesota,Overweight,5834,36.98
518,2017,Minnesota,Overweight,5753,36.5
519,2017,Minnesota,Obese,4622,28.44
520,2018,Minnesota,Overweight,5782,35.74
521,2018,Minnesota,Obese,4788,30.06
522,2019,Minnesota,Obese,4387,30.14
523,2019,Minnesota,Overweight,5177,35.41
524,2020,Minnesota,Obese,4569,30.74
525,2020,Minnesota,Overweight,5229,36.53
526,2021,Minnesota,Overweight,5167,34.76
527,2021,Minnesota,Obese,4708,32.39
528,2011,Mississippi,Overweight,2983,34.0
529,2011,Mississippi,Obese,2953,34.9
530,2012,Mississippi,Overweight,2646,34.3
531,2012,Mississippi,Obese,2586,34.6
532,2013,Mississippi,Overweight,2467,34.2
533,2013,Mississippi,Obese,2456,35.1
534,2014,Mississippi,Obese,1398,35.5
535,2014,Mississippi,Overweight,1436,35.2
536,2015,Mississippi,Overweight,2015,34.48
537,2015,Mississippi,Obese,1972,35.6
538,2016,Mississippi,Overweight,1627,34.04
539,2016,Mississippi,Obese,1843,37.26
540,2017,Mississippi,Overweight,1651,32.63
541,2017,Mississippi,Obese,1718,37.27
542,2018,Mississippi,Obese,2225,39.47
543,2018,Mississippi,Overweight,1871,33.84
544,2019,Mississippi,Overweight,1541,31.88
545,2019,Mississippi,Obese,1965,40.84
546,2020,Mississippi,Obese,2410,39.67
547,2020,Mississippi,Overweight,2045,33.1
548,2021,Mississippi,Obese,1637,39.1
549,2021,Mississippi,Overweight,1401,33.57
550,2011,Missouri,Overweight,2190,34.6
551,2011,Missouri,Obese,1859,30.3
552,2012,Missouri,Overweight,2319,36.2
553,2012,Missouri,Obese,2018,29.6
554,2013,Missouri,Obese,2128,30.4
555,2013,Missouri,Overweight,2414,35.1
556,2014,Missouri,Obese,2158,30.2
557,2014,Missouri,Overweight,2429,35.4
558,2015,Missouri,Overweight,2383,33.9
559,2015,Missouri,Obese,2248,32.36
560,2016,Missouri,Obese,2160,31.66
561,2016,Missouri,Overweight,2302,35.58
562,2017,Missouri,Overweight,2494,35.36
563,2017,Missouri,Obese,2317,32.46
564,2018,Missouri,Overweight,1978,31.85
565,2018,Missouri,Obese,1960,35.03
566,2019,Missouri,Overweight,2302,33.3
567,2019,Missouri,Obese,2336,34.77
568,2020,Missouri,Obese,2965,34.02
569,2020,Missouri,Overweight,3016,35.44
570,2021,Missouri,Overweight,3742,31.96
571,2021,Missouri,Obese,4214,37.25
572,2011,Montana,Obese,2500,24.6
573,2011,Montana,Overweight,3740,35.6
574,2012,Montana,Obese,2154,24.3
575,2012,Montana,Overweight,3064,37.0
576,2013,Montana,Overweight,3481,36.8
577,2013,Montana,Obese,2475,24.6
578,2014,Montana,Obese,1944,26.4
579,2014,Montana,Overweight,2646,36.6
580,2015,Montana,Obese,1430,23.58
581,2015,Montana,Overweight,2128,37.37
582,2016,Montana,Obese,1551,25.48
583,2016,Montana,Overweight,2063,37.26
584,2017,Montana,Overweight,2071,36.95
585,2017,Montana,Obese,1575,25.27
586,2018,Montana,Overweight,1761,36.35
587,2018,Montana,Obese,1485,26.85
588,2019,Montana,Obese,1807,28.33
589,2019,Montana,Overweight,2239,36.35
590,2020,Montana,Overweight,2191,36.02
591,2020,Montana,Obese,1709,28.53
592,2021,Montana,Overweight,2127,34.95
593,2021,Montana,Obese,1849,31.78
594,2011,Nebraska,Overweight,8993,36.5
595,2011,Nebraska,Obese,7264,28.4
596,2012,Nebraska,Obese,5405,28.6
597,2012,Nebraska,Overweight,6894,36.4
598,2013,Nebraska,Overweight,5995,35.9
599,2013,Nebraska,Obese,5029,29.6
600,2014,Nebraska,Overweight,7883,36.5
601,2014,Nebraska,Obese,6633,30.2
602,2015,Nebraska,Overweight,5968,35.62
603,2015,Nebraska,Obese,5385,31.39
604,2016,Nebraska,Obese,4752,31.99
605,2016,Nebraska,Overweight,5211,36.55
606,2017,Nebraska,Overweight,5272,36.24
607,2017,Nebraska,Obese,4963,32.76
608,2018,Nebraska,Obese,4918,34.12
609,2018,Nebraska,Overweight,4930,34.75
610,2019,Nebraska,Overweight,5262,34.88
611,2019,Nebraska,Obese,5293,34.14
612,2020,Nebraska,Obese,4755,34.01
613,2020,Nebraska,Overweight,4941,35.78
614,2021,Nebraska,Overweight,4978,35.02
615,2021,Nebraska,Obese,5050,35.94
616,2011,Nevada,Obese,1277,24.5
617,2011,Nevada,Overweight,1882,35.7
618,2012,Nevada,Obese,1118,26.2
619,2012,Nevada,Overweight,1699,36.3
620,2013,Nevada,Overweight,1805,38.6
621,2013,Nevada,Obese,1239,26.2
622,2014,Nevada,Overweight,1310,35.8
623,2014,Nevada,Obese,923,27.7
624,2015,Nevada,Overweight,985,37.95
625,2015,Nevada,Obese,700,26.72
626,2016,Nevada,Obese,1056,25.8
627,2016,Nevada,Overweight,1481,36.48
628,2017,Nevada,Obese,901,26.67
629,2017,Nevada,Overweight,1335,39.0
630,2018,Nevada,Overweight,1113,38.15
631,2018,Nevada,Obese,864,29.48
632,2019,Nevada,Obese,781,30.58
633,2019,Nevada,Overweight,924,37.16
634,2020,Nevada,Overweight,808,35.6
635,2020,Nevada,Obese,667,28.71
636,2021,Nevada,Overweight,917,36.1
637,2021,Nevada,Obese,747,31.33
638,2011,New Hampshire,Overweight,2306,35.3
639,2011,New Hampshire,Obese,1702,26.5
640,2012,New Hampshire,Overweight,2608,34.8
641,2012,New Hampshire,Obese,1972,27.3
642,2013,New Hampshire,Obese,1676,26.7
643,2013,New Hampshire,Overweight,2215,35.0
644,2014,New Hampshire,Obese,1626,27.4
645,2014,New Hampshire,Overweight,2123,36.2
646,2015,New Hampshire,Obese,1728,26.33
647,2015,New Hampshire,Overweight,2428,37.31
648,2016,New Hampshire,Obese,1653,26.57
649,2016,New Hampshire,Overweight,2198,36.91
650,2017,New Hampshire,Obese,1492,28.06
651,2017,New Hampshire,Overweight,1892,36.82
652,2018,New Hampshire,Overweight,1913,35.4
653,2018,New Hampshire,Obese,1532,29.6
654,2019,New Hampshire,Obese,1567,31.75
655,2019,New Hampshire,Overweight,1943,35.94
656,2020,New Hampshire,Obese,1648,29.92
657,2020,New Hampshire,Overweight,2016,35.77
658,2021,New Hampshire,Overweight,2076,35.36
659,2021,New Hampshire,Obese,1690,30.63
660,2011,New Jersey,Obese,3497,23.7
661,2011,New Jersey,Overweight,5396,37.8
662,2012,New Jersey,Obese,3787,24.6
663,2012,New Jersey,Overweight,5297,37.0
664,2013,New Jersey,Obese,3275,26.3
665,2013,New Jersey,Overweight,4531,36.5
666,2014,New Jersey,Obese,3322,26.9
667,2014,New Jersey,Overweight,4434,36.3
668,2015,New Jersey,Overweight,3851,37.81
669,2015,New Jersey,Obese,2792,25.58
670,2016,New Jersey,Obese,1929,27.35
671,2016,New Jersey,Overweight,2557,36.46
672,2017,New Jersey,Obese,3002,27.25
673,2017,New Jersey,Overweight,3894,35.32
674,2018,New Jersey,Obese,786,25.65
675,2018,New Jersey,Overweight,1037,36.65
676,2019,New Jersey,Obese,2916,26.0
677,2019,New Jersey,Overweight,3710,36.73
678,2020,New Jersey,Overweight,3560,36.89
679,2020,New Jersey,Obese,2546,27.66
680,2021,New Jersey,Obese,1916,28.2
681,2021,New Jersey,Overweight,2546,37.4
682,2011,New Mexico,Obese,2310,26.3
683,2011,New Mexico,Overweight,3268,35.9
684,2012,New Mexico,Overweight,3036,35.7
685,2012,New Mexico,Obese,2226,27.1
686,2013,New Mexico,Obese,2405,26.4
687,2013,New Mexico,Overweight,3229,36.3
688,2014,New Mexico,Overweight,3052,36.4
689,2014,New Mexico,Obese,2290,28.4
690,2015,New Mexico,Overweight,2264,35.65
691,2015,New Mexico,Obese,1732,28.83
692,2016,New Mexico,Obese,1586,28.34
693,2016,New Mexico,Overweight,2024,36.61
694,2017,New Mexico,Overweight,2273,36.83
695,2017,New Mexico,Obese,1758,28.38
696,2018,New Mexico,Overweight,2249,34.92
697,2018,New Mexico,Obese,1917,32.32
698,2019,New Mexico,Obese,1686,31.73
699,2019,New Mexico,Overweight,1983,34.35
700,2020,New Mexico,Overweight,2345,36.86
701,2020,New Mexico,Obese,1879,30.88
702,2021,New Mexico,Overweight,2094,35.42
703,2021,New Mexico,Obese,1972,34.56
704,2011,New York,Obese,1771,24.5
705,2011,New York,Overweight,2532,35.8
706,2012,New York,Obese,1362,23.6
707,2012,New York,Overweight,2037,37.0
708,2013,New York,Obese,2135,25.4
709,2013,New York,Overweight,2983,35.9
710,2014,New York,Overweight,2191,34.1
711,2014,New York,Obese,1676,27.0
712,2015,New York,Obese,2940,25.02
713,2015,New York,Overweight,4011,34.52
714,2016,New York,Overweight,11215,35.31
715,2016,New York,Obese,9469,25.52
716,2017,New York,Overweight,4106,35.55
717,2017,New York,Obese,2994,25.74
718,2018,New York,Overweight,11317,35.07
719,2018,New York,Obese,9963,27.64
720,2019,New York,Obese,3680,27.09
721,2019,New York,Overweight,4573,36.06
722,2020,New York,Obese,3422,26.34
723,2020,New York,Overweight,4668,37.0
724,2021,New York,Obese,10857,29.11
725,2021,New York,Overweight,11751,34.54
726,2011,North Carolina,Obese,2981,29.1
727,2011,North Carolina,Overweight,3944,36.0
728,2012,North Carolina,Overweight,4012,36.3
729,2012,North Carolina,Obese,3369,29.6
730,2013,North Carolina,Overweight,2971,36.7
731,2013,North Carolina,Obese,2549,29.4
732,2014,North Carolina,Overweight,2396,35.9
733,2014,North Carolina,Obese,1979,29.7
734,2015,North Carolina,Overweight,2214,35.76
735,2015,North Carolina,Obese,1808,30.08
736,2016,North Carolina,Overweight,2148,35.03
737,2016,North Carolina,Obese,1922,31.82
738,2017,North Carolina,Obese,1442,32.14
739,2017,North Carolina,Overweight,1602,34.79
740,2018,North Carolina,Overweight,1540,35.06
741,2018,North Carolina,Obese,1407,32.95
742,2019,North Carolina,Obese,1312,33.98
743,2019,North Carolina,Overweight,1408,35.63
744,2020,North Carolina,Obese,1731,33.55
745,2020,North Carolina,Overweight,1868,35.7
746,2021,North Carolina,Obese,1589,36.03
747,2021,North Carolina,Overweight,1543,32.61
748,2011,North Dakota,Overweight,1912,36.0
749,2011,North Dakota,Obese,1433,27.8
750,2012,North Dakota,Overweight,1751,36.6
751,2012,North Dakota,Obese,1366,29.7
752,2013,North Dakota,Obese,2342,31.0
753,2013,North Dakota,Overweight,2778,36.6
754,2014,North Dakota,Overweight,2771,36.6
755,2014,North Dakota,Obese,2341,32.2
756,2015,North Dakota,Overweight,1722,35.98
757,2015,North Dakota,Obese,1488,30.99
758,2016,North Dakota,Overweight,2043,36.17
759,2016,North Dakota,Obese,1757,31.93
760,2017,North Dakota,Obese,2241,33.15
761,2017,North Dakota,Overweight,2461,36.21
762,2018,North Dakota,Overweight,1959,35.93
763,2018,North Dakota,Obese,1829,35.1
764,2019,North Dakota,Obese,1830,34.81
765,2019,North Dakota,Overweight,1915,35.46
766,2020,North Dakota,Obese,1360,33.09
767,2020,North Dakota,Overweight,1604,37.59
768,2021,North Dakota,Overweight,1978,34.84
769,2021,North Dakota,Obese,1950,35.21
770,2011,Ohio,Obese,2748,29.7
771,2011,Ohio,Overweight,3405,36.2
772,2012,Ohio,Obese,3849,30.1
773,2012,Ohio,Overweight,4423,35.2
774,2013,Ohio,Overweight,3963,34.7
775,2013,Ohio,Obese,3635,30.4
776,2014,Ohio,Overweight,3577,34.1
777,2014,Ohio,Obese,3490,32.6
778,2015,Ohio,Overweight,4046,36.7
779,2015,Ohio,Obese,3444,29.76
780,2016,Ohio,Obese,3816,31.47
781,2016,Ohio,Overweight,4034,34.79
782,2017,Ohio,Overweight,4023,34.18
783,2017,Ohio,Obese,4001,33.8
784,2018,Ohio,Obese,4272,34.01
785,2018,Ohio,Overweight,4222,34.42
786,2019,Ohio,Obese,4534,34.79
787,2019,Ohio,Overweight,4322,34.52
788,2020,Ohio,Overweight,4540,33.49
789,2020,Ohio,Obese,4879,35.47
790,2021,Ohio,Overweight,4355,33.31
791,2021,Ohio,Obese,5077,37.75
792,2011,Oklahoma,Overweight,2811,34.4
793,2011,Oklahoma,Obese,2542,31.1
794,2012,Oklahoma,Overweight,2774,35.6
795,2012,Oklahoma,Obese,2474,32.2
796,2013,Oklahoma,Overweight,2782,35.4
797,2013,Oklahoma,Obese,2544,32.5
798,2014,Oklahoma,Overweight,2920,35.2
799,2014,Oklahoma,Obese,2643,33.0
800,2015,Oklahoma,Obese,2155,33.87
801,2015,Oklahoma,Overweight,2407,35.06
802,2016,Oklahoma,Obese,2079,32.76
803,2016,Oklahoma,Overweight,2348,36.01
804,2017,Oklahoma,Obese,2137,36.48
805,2017,Oklahoma,Overweight,2116,34.12
806,2018,Oklahoma,Overweight,1706,34.79
807,2018,Oklahoma,Obese,1705,34.83
808,2019,Oklahoma,Obese,2091,36.8
809,2019,Oklahoma,Overweight,2057,34.61
810,2020,Oklahoma,Obese,1658,36.44
811,2020,Oklahoma,Overweight,1524,32.93
812,2021,Oklahoma,Overweight,1646,32.46
813,2021,Oklahoma,Obese,1917,39.41
814,2011,Oregon,Overweight,2109,34.8
815,2011,Oregon,Obese,1556,26.7
816,2012,Oregon,Overweight,1760,33.8
817,2012,Oregon,Obese,1349,27.3
818,2013,Oregon,Overweight,1966,33.4
819,2013,Oregon,Obese,1487,26.5
820,2014,Oregon,Overweight,1708,33.8
821,2014,Oregon,Obese,1357,27.9
822,2015,Oregon,Obese,1412,30.05
823,2015,Oregon,Overweight,1715,34.47
824,2016,Oregon,Overweight,1716,33.88
825,2016,Oregon,Obese,1419,28.74
826,2017,Oregon,Overweight,1734,35.11
827,2017,Oregon,Obese,1390,29.39
828,2018,Oregon,Overweight,1890,34.16
829,2018,Oregon,Obese,1664,29.92
830,2019,Oregon,Overweight,2002,34.92
831,2019,Oregon,Obese,1637,28.97
832,2020,Oregon,Overweight,1745,36.21
833,2020,Oregon,Obese,1377,28.05
834,2021,Oregon,Obese,1507,30.38
835,2021,Oregon,Overweight,1680,34.71
836,2011,Pennsylvania,Overweight,3917,36.0
837,2011,Pennsylvania,Obese,3147,28.6
838,2012,Pennsylvania,Overweight,6875,35.9
839,2012,Pennsylvania,Obese,5624,29.1
840,2013,Pennsylvania,Obese,3266,30.0
841,2013,Pennsylvania,Overweight,3846,34.5
842,2014,Pennsylvania,Obese,3214,30.2
843,2014,Pennsylvania,Overweight,3751,33.9
844,2015,Pennsylvania,Overweight,1921,36.24
845,2015,Pennsylvania,Obese,1645,29.99
846,2016,Pennsylvania,Overweight,2286,35.15
847,2016,Pennsylvania,Obese,1953,30.28
848,2017,Pennsylvania,Obese,1950,31.58
849,2017,Pennsylvania,Overweight,2177,35.51
850,2018,Pennsylvania,Obese,1833,30.93
851,2018,Pennsylvania,Overweight,2077,35.01
852,2019,Pennsylvania,Overweight,2198,35.18
853,2019,Pennsylvania,Obese,2001,33.21
854,2020,Pennsylvania,Overweight,1873,35.67
855,2020,Pennsylvania,Obese,1596,31.47
856,2021,Pennsylvania,Overweight,1970,32.99
857,2021,Pennsylvania,Obese,1916,33.29
858,2011,Rhode Island,Overweight,2354,37.1
859,2011,Rhode Island,Obese,1520,25.4
860,2012,Rhode Island,Overweight,1924,37.2
861,2012,Rhode Island,Obese,1365,25.7
862,2013,Rhode Island,Obese,1711,27.3
863,2013,Rhode Island,Overweight,2315,37.3
864,2014,Rhode Island,Overweight,2204,35.5
865,2014,Rhode Island,Obese,1595,27.0
866,2015,Rhode Island,Obese,1505,25.98
867,2015,Rhode Island,Overweight,2139,36.67
868,2016,Rhode Island,Overweight,1878,37.09
869,2016,Rhode Island,Obese,1370,26.62
870,2017,Rhode Island,Overweight,1892,34.89
871,2017,Rhode Island,Obese,1528,29.97
872,2018,Rhode Island,Obese,1447,27.72
873,2018,Rhode Island,Overweight,1947,36.9
874,2019,Rhode Island,Obese,1598,30.0
875,2019,Rhode Island,Overweight,1969,34.39
876,2020,Rhode Island,Overweight,1694,34.47
877,2020,Rhode Island,Obese,1365,30.12
878,2021,Rhode Island,Obese,1449,30.09
879,2021,Rhode Island,Overweight,1879,36.23
880,2011,South Carolina,Overweight,4357,35.0
881,2011,South Carolina,Obese,3975,30.8
882,2012,South Carolina,Obese,3897,31.6
883,2012,South Carolina,Overweight,4358,34.5
884,2013,South Carolina,Overweight,3625,34.7
885,2013,South Carolina,Obese,3274,31.7
886,2014,South Carolina,Overweight,3730,35.0
887,2014,South Carolina,Obese,3355,32.1
888,2015,South Carolina,Obese,3493,31.72
889,2015,South Carolina,Overweight,3944,34.47
890,2016,South Carolina,Obese,3563,32.27
891,2016,South Carolina,Overweight,3730,35.14
892,2017,South Carolina,Obese,3577,34.1
893,2017,South Carolina,Overweight,3713,34.0
894,2018,South Carolina,Obese,3542,34.28
895,2018,South Carolina,Overweight,3628,35.39
896,2019,South Carolina,Overweight,2356,33.94
897,2019,South Carolina,Obese,2269,35.35
898,2020,South Carolina,Overweight,1287,33.34
899,2020,South Carolina,Obese,1315,36.2
900,2021,South Carolina,Obese,3088,36.06
901,2021,South Carolina,Overweight,3156,34.45
902,2011,South Dakota,Overweight,2944,36.3
903,2011,South Dakota,Obese,2299,28.1
904,2012,South Dakota,Overweight,2773,37.9
905,2012,South Dakota,Obese,2203,28.1
906,2013,South Dakota,Overweight,2405,37.1
907,2013,South Dakota,Obese,2040,29.9
908,2014,South Dakota,Overweight,2540,35.4
909,2014,South Dakota,Obese,2155,29.8
910,2015,South Dakota,Obese,2067,30.4
911,2015,South Dakota,Overweight,2540,34.06
912,2016,South Dakota,Obese,1669,29.6
913,2016,South Dakota,Overweight,2061,37.29
914,2017,South Dakota,Obese,2258,31.89
915,2017,South Dakota,Overweight,2420,35.85
916,2018,South Dakota,Overweight,2483,37.78
917,2018,South Dakota,Obese,2234,30.06
918,2019,South Dakota,Overweight,2324,37.92
919,2019,South Dakota,Obese,2060,32.98
920,2020,South Dakota,Obese,2100,33.18
921,2020,South Dakota,Overweight,2372,36.39
922,2021,South Dakota,Obese,2449,38.42
923,2021,South Dakota,Overweight,2434,33.74
924,2011,Tennessee,Obese,1722,29.2
925,2011,Tennessee,Overweight,1991,37.3
926,2012,Tennessee,Overweight,2297,34.2
927,2012,Tennessee,Obese,2091,31.1
928,2013,Tennessee,Obese,1780,33.7
929,2013,Tennessee,Overweight,1912,34.7
930,2014,Tennessee,Overweight,1744,35.9
931,2014,Tennessee,Obese,1486,31.2
932,2015,Tennessee,Obese,1810,33.77
933,2015,Tennessee,Overweight,1957,34.91
934,2016,Tennessee,Overweight,1967,33.77
935,2016,Tennessee,Obese,1906,34.84
936,2017,Tennessee,Overweight,1890,35.43
937,2017,Tennessee,Obese,1810,32.84
938,2018,Tennessee,Obese,1680,34.38
939,2018,Tennessee,Overweight,1609,33.48
940,2019,Tennessee,Overweight,1907,32.98
941,2019,Tennessee,Obese,2096,36.51
942,2020,Tennessee,Overweight,1431,34.39
943,2020,Tennessee,Obese,1489,35.56
944,2021,Tennessee,Overweight,1599,36.61
945,2021,Tennessee,Obese,1540,34.96
946,2011,Texas,Overweight,5090,35.4
947,2011,Texas,Obese,4061,30.4
948,2012,Texas,Overweight,3025,35.9
949,2012,Texas,Obese,2535,29.2
950,2013,Texas,Obese,3112,30.9
951,2013,Texas,Overweight,3552,35.3
952,2014,Texas,Obese,4403,31.9
953,2014,Texas,Overweight,5060,35.9
954,2015,Texas,Overweight,4802,36.26
955,2015,Texas,Obese,4275,32.39
956,2016,Texas,Obese,3507,33.65
957,2016,Texas,Overweight,3890,34.76
958,2017,Texas,Obese,3761,33.0
959,2017,Texas,Overweight,3960,36.44
960,2018,Texas,Obese,3465,34.79
961,2018,Texas,Overweight,3469,34.76
962,2019,Texas,Overweight,3888,35.8
963,2019,Texas,Obese,3825,33.96
964,2020,Texas,Overweight,3341,34.45
965,2020,Texas,Obese,3527,35.75
966,2021,Texas,Overweight,3299,33.67
967,2021,Texas,Obese,3408,36.09
968,2011,Utah,Obese,2955,24.4
969,2011,Utah,Overweight,4277,34.5
970,2012,Utah,Overweight,4074,33.5
971,2012,Utah,Obese,2972,24.3
972,2013,Utah,Obese,2988,24.1
973,2013,Utah,Overweight,4315,35.0
974,2014,Utah,Obese,3656,25.7
975,2014,Utah,Overweight,4924,33.8
976,2015,Utah,Overweight,3831,35.18
977,2015,Utah,Obese,2703,24.46
978,2016,Utah,Obese,2722,25.35
979,2016,Utah,Overweight,3622,35.03
980,2017,Utah,Overweight,3384,35.33
981,2017,Utah,Obese,2517,25.25
982,2018,Utah,Overweight,3419,34.34
983,2018,Utah,Obese,2866,27.75
984,2019,Utah,Obese,3313,29.24
985,2019,Utah,Overweight,3827,34.47
986,2020,Utah,Overweight,3517,33.8
987,2020,Utah,Obese,2880,28.57
988,2021,Utah,Overweight,3373,33.26
989,2021,Utah,Obese,2978,30.93
990,2011,Vermont,Overweight,2358,34.3
991,2011,Vermont,Obese,1686,25.4
992,2012,Vermont,Obese,1404,23.7
993,2012,Vermont,Overweight,2084,36.6
994,2013,Vermont,Obese,1514,24.7
995,2013,Vermont,Overweight,2258,37.2
996,2014,Vermont,Obese,1516,24.8
997,2014,Vermont,Overweight,2176,35.4
998,2015,Vermont,Overweight,2162,34.72
999,2015,Vermont,Obese,1554,25.14
1000,2016,Vermont,Obese,1644,27.07
1001,2016,Vermont,Overweight,2136,34.68
1002,2017,Vermont,Overweight,2188,35.07
1003,2017,Vermont,Obese,1615,27.57
1004,2018,Vermont,Overweight,2125,33.61
1005,2018,Vermont,Obese,1642,27.52
1006,2019,Vermont,Overweight,2043,32.89
1007,2019,Vermont,Obese,1583,26.63
1008,2020,Vermont,Overweight,2097,35.68
1009,2020,Vermont,Obese,1598,26.25
1010,2021,Vermont,Obese,1717,29.01
1011,2021,Vermont,Overweight,2045,32.08
1012,2011,Virginia,Obese,1781,29.2
1013,2011,Virginia,Overweight,2156,34.2
1014,2012,Virginia,Overweight,2563,36.2
1015,2012,Virginia,Obese,1884,27.4
1016,2013,Virginia,Obese,2267,27.2
1017,2013,Virginia,Overweight,2882,36.8
1018,2014,Virginia,Obese,2638,28.5
1019,2014,Virginia,Overweight,3253,36.3
1020,2015,Virginia,Overweight,2870,34.88
1021,2015,Virginia,Obese,2403,29.23
1022,2016,Virginia,Obese,2498,28.98
1023,2016,Virginia,Overweight,3034,36.47
1024,2017,Virginia,Overweight,3205,36.27
1025,2017,Virginia,Obese,2744,30.05
1026,2018,Virginia,Obese,3051,30.35
1027,2018,Virginia,Overweight,3430,35.93
1028,2019,Virginia,Overweight,3245,34.48
1029,2019,Virginia,Obese,2923,31.88
1030,2020,Virginia,Obese,2847,32.19
1031,2020,Virginia,Overweight,3054,35.07
1032,2021,Virginia,Overweight,3162,33.92
1033,2021,Virginia,Obese,2995,34.22
1034,2011,Washington,Overweight,5017,34.5
1035,2011,Washington,Obese,3799,26.5
1036,2012,Washington,Overweight,5303,35.4
1037,2012,Washington,Obese,3926,26.8
1038,2013,Washington,Obese,2900,27.2
1039,2013,Washington,Overweight,3755,34.3
1040,2014,Washington,Obese,2602,27.3
1041,2014,Washington,Overweight,3501,36.1
1042,2015,Washington,Obese,4028,26.44
1043,2015,Washington,Overweight,5366,36.1
1044,2016,Washington,Overweight,4684,34.85
1045,2016,Washington,Obese,3716,28.61
1046,2017,Washington,Overweight,4311,34.51
1047,2017,Washington,Obese,3422,27.66
1048,2018,Washington,Overweight,4287,34.69
1049,2018,Washington,Obese,3486,28.66
1050,2019,Washington,Overweight,4242,35.63
1051,2019,Washington,Obese,3414,28.34
1052,2020,Washington,Obese,3340,28.03
1053,2020,Washington,Overweight,4137,35.98
1054,2021,Washington,Overweight,4231,35.39
1055,2021,Washington,Obese,3444,28.77
1056,2011,West Virginia,Obese,1647,32.4
1057,2011,West Virginia,Overweight,1799,36.5
1058,2012,West Virginia,Obese,1690,33.8
1059,2012,West Virginia,Overweight,1822,34.5
1060,2013,West Virginia,Obese,1979,35.1
1061,2013,West Virginia,Overweight,1932,33.7
1062,2014,West Virginia,Overweight,2048,34.0
1063,2014,West Virginia,Obese,2030,35.7
1064,2015,West Virginia,Overweight,1942,35.51
1065,2015,West Virginia,Obese,1958,35.59
1066,2016,West Virginia,Overweight,2256,33.29
1067,2016,West Virginia,Obese,2508,37.66
1068,2017,West Virginia,Obese,1980,38.06
1069,2017,West Virginia,Overweight,1786,33.61
1070,2018,West Virginia,Obese,1797,39.53
1071,2018,West Virginia,Overweight,1570,32.48
1072,2019,West Virginia,Obese,2002,39.72
1073,2019,West Virginia,Overweight,1673,32.28
1074,2020,West Virginia,Obese,2129,39.11
1075,2020,West Virginia,Overweight,1852,32.0
1076,2021,West Virginia,Obese,2522,40.57
1077,2021,West Virginia,Overweight,2136,32.97
1078,2011,Wisconsin,Obese,1450,27.7
1079,2011,Wisconsin,Overweight,1841,36.3
1080,2012,Wisconsin,Overweight,1824,36.8
1081,2012,Wisconsin,Obese,1555,29.7
1082,2013,Wisconsin,Overweight,2267,36.7
1083,2013,Wisconsin,Obese,1964,29.8
1084,2014,Wisconsin,Obese,2136,31.2
1085,2014,Wisconsin,Overweight,2471,36.2
1086,2015,Wisconsin,Overweight,2078,35.32
1087,2015,Wisconsin,Obese,1831,30.68
1088,2016,Wisconsin,Obese,1573,30.72
1089,2016,Wisconsin,Overweight,1776,35.52
1090,2017,Wisconsin,Overweight,1973,35.27
1091,2017,Wisconsin,Obese,1706,32.03
1092,2018,Wisconsin,Obese,1552,31.99
1093,2018,Wisconsin,Overweight,1666,36.14
1094,2019,Wisconsin,Obese,1575,34.2
1095,2019,Wisconsin,Overweight,1660,35.5
1096,2020,Wisconsin,Obese,1570,32.28
1097,2020,Wisconsin,Overweight,1675,36.1
1098,2021,Wisconsin,Overweight,2003,34.63
1099,2021,Wisconsin,Obese,1917,33.87
1100,2011,Wyoming,Obese,1657,25.0
1101,2011,Wyoming,Overweight,2401,36.3
1102,2012,Wyoming,Overweight,2255,38.7
1103,2012,Wyoming,Obese,1497,24.6
1104,2013,Wyoming,Obese,1658,27.8
1105,2013,Wyoming,Overweight,2272,36.6
1106,2014,Wyoming,Obese,1647,29.5
1107,2014,Wyoming,Overweight,2140,35.2
1108,2015,Wyoming,Overweight,1810,36.44
1109,2015,Wyoming,Obese,1386,29.0
1110,2016,Wyoming,Overweight,1570,36.54
1111,2016,Wyoming,Obese,1166,27.7
1112,2017,Wyoming,Overweight,1511,35.86
1113,2017,Wyoming,Obese,1223,28.82
1114,2018,Wyoming,Overweight,1539,35.32
1115,2018,Wyoming,Obese,1212,29.03
1116,2019,Wyoming,Overweight,1599,35.5
1117,2019,Wyoming,Obese,1212,29.66
1118,2020,Wyoming,Obese,1318,30.67
1119,2020,Wyoming,Overweight,1608,36.62
1120,2021,Wyoming,Overweight,1481,36.98
1121,2021,Wyoming,Obese,1191,32.0
